Sale Zip,Name of city/org,Full name of state/territory,Number of Acres,Soil Rating,Property Outline,Elevation Grade,Final PPA
32530,Bagdad,Florida,773,C,2,D,3905
32559,Pensacola,Florida,611,F,3,C,4560
32583,Milton,Florida,594,D,2,A,
35016,Arab,Alabama,1584,B,4,F,
35035,Brierfield,Alabama,1369,C,4,D,6698
35043,Chelsea,Alabama,617,F,5,F,5024
35045,Clanton,Alabama,820,D,4,F,4226
35048,Clay,Alabama,525,F,5,B,5854
35055,Cullman,Alabama,376,B,3,F,
35057,Cullman,Alabama,1399,D,4,A,6827
35064,Fairfield,Alabama,217,D,1,A,
35070,Garden City,Alabama,285,D,1,F,
35096,Lincoln,Alabama,860,C,2,A,
35096,Lincoln,Alabama,1281,C,2,F,4112
35117,Mount Olive,Alabama,118,B,2,C,6618
35121,Oneonta,Alabama,1332,B,5,C,11007
35126,Pinson,Alabama,1316,B,3,B,9892
35130,Quinton,Alabama,850,D,1,C,3473
35161,Talladega,Alabama,1864,B,3,D,6487
35179,Vinemont,Alabama,345,B,1,F,4950
35204,Birmingham,Alabama,507,B,4,F,8698
35209,Birmingham,Alabama,754,D,3,A,4598
35213,Birmingham,Alabama,382,D,4,D,5133
35218,Birmingham,Alabama,955,D,3,D,3704
35219,Birmingham,Alabama,808,A,4,B,13042
35222,Birmingham,Alabama,1250,F,4,A,8593
35228,Birmingham,Alabama,335,A,4,B,9858
35236,Birmingham,Alabama,1285,F,1,C,4741
35244,Birmingham,Alabama,290,B,5,F,9472
35446,Buhl,Alabama,1529,D,2,A,6418
35486,Tuscaloosa,Alabama,177,A,5,B,11429
35542,Bankston,Alabama,292,D,5,C,5665
35564,Hackleburg,Alabama,949,A,3,F,
35574,Kennedy,Alabama,1493,C,2,A,
35603,Decatur,Alabama,1892,B,1,B,8949
35754,Laceys Spring,Alabama,1198,C,5,C,6805
35754,Laceys Spring,Alabama,16,F,5,D,5314
35756,Madison,Alabama,1005,C,3,F,4927
35758,Madison,Alabama,170,B,3,F,6296
35765,Pisgah,Alabama,1233,D,4,A,
35774,Trenton,Alabama,1699,C,3,F,
35805,Huntsville,Alabama,733,C,3,A,9463
35894,Huntsville,Alabama,692,D,1,D,3388
35905,Gadsden,Alabama,1405,C,2,B,5680
35906,Rainbow City,Alabama,933,B,5,B,14729
35974,Geraldine,Alabama,1426,B,5,C,9072
35980,Horton,Alabama,1842,B,5,A,
35984,Mentone,Alabama,1770,A,5,B,13092
36005,Banks,Alabama,236,D,1,F,3523
36015,Chapman,Alabama,99,C,5,B,8551
36025,Elmore,Alabama,980,C,2,C,4386
36028,Dozier,Alabama,784,A,1,A,7082
36049,Luverne,Alabama,821,B,3,C,6684
36054,Millbrook,Alabama,775,D,2,B,5580
36061,Perote,Alabama,1346,A,2,C,6293
36061,Perote,Alabama,1399,F,4,D,4714
36079,Troy,Alabama,232,F,3,F,3914
36083,Tuskegee,Alabama,1349,B,5,B,10944
36105,Montgomery,Alabama,875,C,4,A,
36111,Montgomery,Alabama,656,C,3,C,6559
36111,Montgomery,Alabama,1816,F,2,C,4513
36112,Montgomery,Alabama,1219,F,5,B,8957
36116,Montgomery,Alabama,1947,B,2,B,9243
36207,Anniston,Alabama,1214,D,1,F,
36255,Cragford,Alabama,1091,F,4,F,
36260,Eastaboga,Alabama,882,B,4,D,6203
36275,Spring Garden,Alabama,1093,B,4,A,12990
36312,Ashford,Alabama,1021,A,2,C,7236
36316,Chancellor,Alabama,1405,F,3,C,4909
36353,Newville,Alabama,167,D,2,B,4244
36373,Shorterville,Alabama,515,C,2,F,5017
36374,Skipperville,Alabama,1631,D,2,D,4141
36401,Evergreen,Alabama,1254,F,5,D,
36432,Castleberry,Alabama,1353,A,4,B,11606
36456,McKenzie,Alabama,1044,B,5,A,12256
36461,Monroeville,Alabama,379,A,2,D,6427
36476,River Falls,Alabama,975,A,4,D,8135
36541,Grand Bay,Alabama,109,D,5,D,5822
36550,Little River,Alabama,1000,F,4,B,8953
36560,Mount Vernon,Alabama,650,F,1,C,4428
36609,Mobile,Alabama,1695,D,3,C,3514
36610,Mobile,Alabama,1142,F,5,B,6294
36628,Mobile,Alabama,150,F,5,B,
36670,Mobile,Alabama,1007,B,1,B,7721
36670,Mobile,Alabama,810,C,1,F,
36675,Mobile,Alabama,901,C,5,C,9114
36768,Pine Apple,Alabama,1181,B,1,B,6691
36773,Safford,Alabama,329,A,5,D,9244
36775,Sardis,Alabama,1526,B,2,A,7941
37015,Ashland City,Tennessee,1412,F,4,A,7576
37020,Bell Buckle,Tennessee,506,C,2,A,7662
37047,Cornersville,Tennessee,314,A,2,A,9706
37048,Cottontown,Tennessee,180,D,4,C,7018
37050,Cumberland City,Tennessee,1077,B,3,C,7862
37052,Cunningham,Tennessee,1193,F,4,D,6127
37057,Dixon Springs,Tennessee,181,C,2,C,5500
37101,McEwen,Tennessee,949,D,1,C,
37118,Milton,Tennessee,1803,D,5,C,6023
37143,Pegram,Tennessee,1117,D,3,B,5504
37144,Petersburg,Tennessee,1972,B,1,B,7664
37181,Vanleer,Tennessee,689,F,3,B,
37206,Nashville,Tennessee,457,B,5,C,10687
37213,Nashville,Tennessee,91,D,3,D,4901
37214,Nashville,Tennessee,812,F,2,C,
37217,Nashville,Tennessee,1550,A,5,C,10105
37222,Nashville,Tennessee,1154,C,3,D,5069
37227,Nashville,Tennessee,685,D,3,A,
37250,Nashville,Tennessee,160,B,5,A,12983
37301,Altamont,Tennessee,1210,C,1,A,6271
37328,Elora,Tennessee,830,C,1,B,6371
37352,Lynchburg,Tennessee,1998,F,5,B,6856
37356,Monteagle,Tennessee,732,F,5,F,4939
37360,Normandy,Tennessee,717,B,3,D,7631
37367,Pikeville,Tennessee,432,C,3,B,7994
37374,Sequatchie,Tennessee,1911,C,2,B,7363
37376,Sherwood,Tennessee,1655,F,1,B,
38011,Brighton,Tennessee,1416,A,3,C,8270
38039,Grand Junction,Tennessee,442,A,5,C,9529
38069,Stanton,Tennessee,996,D,5,F,5542
38079,Tiptonville,Tennessee,1968,B,5,F,
38101,Memphis,Tennessee,597,C,2,C,5802
38122,Memphis,Tennessee,648,A,4,F,6991
38126,Memphis,Tennessee,1630,B,2,A,7417
38135,Memphis,Tennessee,1483,B,1,F,6093
38135,Memphis,Tennessee,1952,F,2,A,
38186,Memphis,Tennessee,1771,A,5,B,13548
38226,Dukedom,Tennessee,1514,A,2,F,6121
38233,Kenton,Tennessee,496,B,5,C,
38317,Bruceton,Tennessee,1028,C,5,B,
38317,Bruceton,Tennessee,1994,F,4,F,5139
38326,Counce,Tennessee,479,B,2,A,8040
38344,Huntingdon,Tennessee,686,A,3,C,7582
38355,Medina,Tennessee,891,A,4,A,15219
38425,Clifton,Tennessee,600,B,1,B,7386
38483,Summertown,Tennessee,1122,B,5,B,
38501,Cookeville,Tennessee,721,C,2,C,5845
38502,Cookeville,Tennessee,317,C,4,A,12379
38552,Chestnut Mound,Tennessee,1763,B,1,D,5947
38553,Clarkrange,Tennessee,916,A,2,D,5310
38553,Clarkrange,Tennessee,286,C,4,B,10413
38555,Crossville,Tennessee,1278,C,3,D,
38559,Doyle,Tennessee,1571,A,2,B,
38567,Hickman,Tennessee,363,A,5,D,8285
38575,Moss,Tennessee,149,C,2,D,4383
38609,Marks,Mississippi,354,A,1,F,
38609,Marks,Mississippi,1074,F,3,C,
38638,Independence,Mississippi,603,B,1,B,6831
38644,Lula,Mississippi,592,D,2,B,3774
38646,Marks,Mississippi,141,C,4,D,6383
38646,Marks,Mississippi,179,D,5,A,6517
38649,Mount Pleasant,Mississippi,770,B,3,F,
38649,Mount Pleasant,Mississippi,286,C,2,C,5304
38650,Myrtle,Mississippi,764,D,1,A,5003
38654,Olive Branch,Mississippi,571,F,4,B,7501
38675,Oxford,Mississippi,1161,A,3,D,6522
38702,Greenville,Mississippi,564,D,4,A,
38722,Arcola,Mississippi,1561,B,5,C,8793
38739,Dublin,Mississippi,1152,F,5,F,5952
38826,Belden,Mississippi,898,B,5,D,
38841,Ecru,Mississippi,990,B,1,B,8087
38864,Randolph,Mississippi,406,C,3,A,7266
38873,Tishomingo,Mississippi,1913,F,3,C,4950
38901,Grenada,Mississippi,987,B,1,B,8292
38926,Elliott,Mississippi,1160,C,1,F,
39069,Fayette,Mississippi,78,C,2,F,4992
39080,Harperville,Mississippi,688,F,5,D,4817
39095,Lexington,Mississippi,782,D,2,B,
39109,Madden,Mississippi,72,D,4,C,5442
39122,Natchez,Mississippi,1200,D,4,B,6693
39174,Tougaloo,Mississippi,1183,D,3,A,
39174,Tougaloo,Mississippi,713,F,1,F,
39183,Vicksburg,Mississippi,36,A,5,D,7320
39183,Vicksburg,Mississippi,201,F,4,A,
39209,Jackson,Mississippi,408,A,1,F,5107
39211,Jackson,Mississippi,82,A,2,B,7885
39296,Jackson,Mississippi,371,B,2,A,8211
39305,Meridian,Mississippi,75,B,2,F,
39327,Decatur,Mississippi,394,F,5,F,5302
39330,Enterprise,Mississippi,552,C,3,D,5723
39348,Paulding,Mississippi,323,A,3,D,6602
39359,Sebastopol,Mississippi,68,A,2,B,10398
39429,Columbia,Mississippi,642,B,3,C,9193
39466,Picayune,Mississippi,1402,C,5,C,7725
39476,Richton,Mississippi,1148,F,2,B,4030
39477,Sandersville,Mississippi,1059,F,5,F,
39478,Sandy Hook,Mississippi,425,B,2,F,
39480,Soso,Mississippi,819,C,5,C,9264
39481,Stringer,Mississippi,119,C,2,C,4531
39555,Hurley,Mississippi,1456,D,1,A,4594
39571,Pass Christian,Mississippi,1376,F,3,D,4532
39601,Brookhaven,Mississippi,1742,A,1,D,5941
39705,Columbus,Mississippi,677,D,3,C,
39752,Mathiston,Mississippi,487,A,4,F,8084
39752,Mathiston,Mississippi,1518,D,4,B,5765
39759,Starkville,Mississippi,1283,A,4,D,
40144,Harned,Kentucky,973,D,3,B,
42002,Paducah,Kentucky,1876,F,1,A,4490
42028,Burna,Kentucky,315,C,2,D,4382
42032,Columbus,Kentucky,462,D,2,B,6125
42033,Crayne,Kentucky,302,B,5,D,
42058,Ledbetter,Kentucky,1319,C,4,F,8039
42070,Milburn,Kentucky,1267,F,4,A,7290
42082,Symsonia,Kentucky,1049,D,2,C,3781
42083,Tiline,Kentucky,211,C,5,F,7439
42085,Water Valley,Kentucky,1885,D,5,C,5098
42129,Edmonton,Kentucky,1562,F,2,C,4826
42134,Franklin,Kentucky,1053,A,5,C,9635
42151,Hestand,Kentucky,1425,C,4,D,
42166,Summer Shade,Kentucky,1798,C,1,C,4859
42211,Cadiz,Kentucky,1684,B,5,D,7605
42211,Cadiz,Kentucky,1798,D,2,A,5361
42262,Oak Grove,Kentucky,1413,F,1,C,
42338,Dundee,Kentucky,1696,B,4,D,
42348,Hawesville,Kentucky,1956,D,3,F,
42377,West Louisville,Kentucky,1346,C,2,D,
42378,Whitesville,Kentucky,955,C,1,A,
42444,Poole,Kentucky,1620,D,4,B,
42444,Poole,Kentucky,322,F,2,D,
42450,Providence,Kentucky,1216,B,5,A,11410
42451,Reed,Kentucky,1468,C,1,B,7081
42455,Sebree,Kentucky,956,B,5,B,10178
42642,Russell Springs,Kentucky,1550,C,5,F,7330
42753,Knifley,Kentucky,1960,D,1,D,2949
46310,Demotte,Indiana,742,D,1,F,
46327,Hammond,Indiana,529,B,2,D,5891
46348,La Crosse,Indiana,740,C,5,D,7133
46368,Portage,Indiana,926,B,5,C,9238
46374,San Pierre,Indiana,270,F,2,A,4713
46380,Tefft,Indiana,420,A,1,B,8156
46381,Thayer,Indiana,1541,F,4,A,9286
46409,Gary,Indiana,1275,C,5,F,6521
47556,Mariah Hill,Indiana,1863,A,1,C,6740
47620,Mount Vernon,Indiana,1851,B,5,D,8502
47630,Newburgh,Indiana,384,A,4,A,11361
47683,Somerville,Indiana,1617,B,5,F,
47712,Evansville,Indiana,1348,C,1,F,4764
47715,Evansville,Indiana,1402,A,4,F,8927
47722,Evansville,Indiana,1975,C,4,D,9054
47750,Evansville,Indiana,1796,A,3,B,9768
47948,Goodland,Indiana,13,C,5,D,6943
47951,Kentland,Indiana,754,F,3,D,3823
49802,Kingsford,Michigan,1067,A,1,B,
49876,Quinnesec,Michigan,1759,B,2,B,
49920,Crystal Falls,Michigan,318,C,1,D,3825
49969,Watersmeet,Michigan,1020,A,5,F,9131
50001,Ackworth,Iowa,699,C,5,F,7385
50002,Adair,Iowa,576,A,2,B,9410
50023,Ankeny,Iowa,772,C,3,A,6979
50050,Churdan,Iowa,105,D,5,D,5529
50051,Clemons,Iowa,1848,B,3,B,8218
50068,Derby,Iowa,394,F,4,B,7515
50076,Exira,Iowa,1759,B,2,F,5563
50076,Exira,Iowa,1774,C,2,C,
50103,Garden Grove,Iowa,41,C,5,D,8634
50139,Lacona,Iowa,919,C,3,B,
50143,Leighton,Iowa,1034,D,3,D,
50158,Marshalltown,Iowa,815,D,4,B,8717
50169,Mitchellville,Iowa,120,A,4,A,13035
50174,Murray,Iowa,678,A,4,C,8519
50264,Weldon,Iowa,1362,D,5,F,5169
50334,Des Moines,Iowa,1434,F,1,D,3565
50381,Des Moines,Iowa,1263,C,1,A,5450
50391,Des Moines,Iowa,97,B,2,B,9767
50401,Mason City,Iowa,1423,C,1,A,
50430,Corwith,Iowa,1735,C,3,F,5578
50447,Kanawha,Iowa,952,F,2,C,4732
50459,Northwood,Iowa,1614,A,4,A,11139
50459,Northwood,Iowa,1707,B,2,F,
50461,Osage,Iowa,1509,A,2,B,7950
50465,Rake,Iowa,1970,D,3,F,3565
50470,Rowan,Iowa,863,A,2,B,8700
50510,Albert City,Iowa,608,F,3,A,5138
50519,Bode,Iowa,1743,A,1,B,8582
50524,Clare,Iowa,1848,B,5,C,8967
50532,Duncombe,Iowa,1974,D,5,A,8269
50540,Fonda,Iowa,1146,C,3,B,6714
50548,Humboldt,Iowa,698,D,3,B,
50561,Lytton,Iowa,759,B,1,F,
50575,Pomeroy,Iowa,1666,C,5,F,7770
50591,Thor,Iowa,638,C,3,C,
50594,Vincent,Iowa,1394,F,4,C,
50623,Dewar,Iowa,386,A,5,C,
50623,Dewar,Iowa,201,A,2,F,5529
50626,Dunkerton,Iowa,371,F,2,D,3075
50650,Lamont,Iowa,277,F,1,A,5597
50658,Nashua,Iowa,190,A,1,A,7792
50666,Plainfield,Iowa,467,B,2,F,6540
50845,Diagonal,Iowa,1163,C,3,F,5875
50853,Massena,Iowa,447,A,5,C,9302
50983,Des Moines,Iowa,1953,B,1,D,5469
51001,Akron,Iowa,1329,A,2,F,6285
51003,Alton,Iowa,1831,A,2,B,7732
51006,Battle Creek,Iowa,1178,A,5,F,
51011,Chatsworth,Iowa,481,A,5,D,7939
51014,Cleghorn,Iowa,412,B,3,A,
51036,Maurice,Iowa,127,F,3,A,5688
51060,Ute,Iowa,1877,D,2,A,
51105,Sioux City,Iowa,166,D,4,B,5677
51111,Sioux City,Iowa,1735,D,1,A,5694
51231,Archer,Iowa,1075,D,1,A,5046
51241,Larchwood,Iowa,11,F,1,C,4645
51345,Harris,Iowa,973,C,2,B,6090
51346,Hartley,Iowa,1991,F,3,F,
51447,Kirkman,Iowa,1363,A,2,F,
51447,Kirkman,Iowa,1398,B,4,B,
51447,Kirkman,Iowa,240,F,3,C,
51452,Lidderdale,Iowa,1814,D,5,D,5907
51556,Modale,Iowa,1860,F,4,A,8069
51560,Oakland,Iowa,1808,F,2,B,5402
51656,Yorktown,Iowa,1869,D,3,B,6723
52001,Dubuque,Iowa,990,B,5,C,10073
52038,Dundee,Iowa,249,C,4,C,8142
52042,Edgewood,Iowa,56,D,5,F,5427
52044,Elkport,Iowa,1420,D,3,F,
52065,New Vienna,Iowa,1453,B,4,F,8233
52072,Saint Olaf,Iowa,163,C,4,B,8359
52072,Saint Olaf,Iowa,107,F,5,C,
52232,Hartwick,Iowa,623,A,2,C,6662
52236,Homestead,Iowa,406,C,1,B,6424
52243,Iowa City,Iowa,1424,A,1,F,6724
52257,Luzerne,Iowa,1263,D,1,D,4095
52306,Mechanicsville,Iowa,1992,A,4,C,8502
52314,Mount Vernon,Iowa,1674,D,5,F,6119
52317,North Liberty,Iowa,1245,D,4,A,8767
52320,Olin,Iowa,1879,B,1,D,
52323,Oxford Junction,Iowa,866,A,1,F,
52323,Oxford Junction,Iowa,814,B,5,F,8762
52324,Palo,Iowa,186,F,4,A,6361
52338,Swisher,Iowa,1267,B,2,B,9016
52341,Toddville,Iowa,513,B,4,C,10268
52344,Troy Mills,Iowa,40,C,2,D,
52358,West Branch,Iowa,1274,F,2,A,6430
52410,Cedar Rapids,Iowa,1099,C,4,D,6047
52554,Eldon,Iowa,652,A,5,D,7524
52556,Fairfield,Iowa,42,B,5,B,11871
52572,Moulton,Iowa,1341,D,3,B,5412
52573,Mount Sterling,Iowa,1343,F,2,A,5354
52590,Seymour,Iowa,1170,C,4,B,11396
52625,Donnellson,Iowa,1226,B,1,C,6570
52630,Hillsboro,Iowa,667,F,2,C,4644
52648,Pilot Grove,Iowa,1702,B,1,A,8562
52745,Dixon,Iowa,1080,A,2,D,5120
52745,Dixon,Iowa,1090,B,3,B,10092
52748,Eldridge,Iowa,1558,A,1,B,9237
52755,Lone Tree,Iowa,1753,F,1,F,4227
52761,Muscatine,Iowa,1973,A,5,B,11821
53022,Germantown,Wisconsin,1595,D,1,D,3762
53032,Horicon,Wisconsin,1863,D,5,B,6358
53032,Horicon,Wisconsin,121,D,5,D,4729
53034,Hustisford,Wisconsin,262,C,2,D,5460
53036,Ixonia,Wisconsin,424,A,5,C,8676
53048,Lomira,Wisconsin,826,D,2,D,3467
53069,Okauchee,Wisconsin,750,A,2,B,7954
53095,West Bend,Wisconsin,1957,C,1,D,4317
53099,Woodland,Wisconsin,708,C,1,B,7535
53127,Genesee Depot,Wisconsin,637,B,4,A,11542
53129,Greendale,Wisconsin,1971,B,3,D,7208
53138,Honey Creek,Wisconsin,1686,B,3,F,7951
53138,Honey Creek,Wisconsin,1411,C,4,F,6045
53184,Walworth,Wisconsin,842,C,5,B,8553
53192,Wilmot,Wisconsin,727,A,1,D,5141
53203,Milwaukee,Wisconsin,326,A,4,F,7879
53206,Milwaukee,Wisconsin,1902,B,3,C,6839
53206,Milwaukee,Wisconsin,1545,D,2,C,
53209,Milwaukee,Wisconsin,1782,F,4,A,8713
53218,Milwaukee,Wisconsin,728,B,5,B,10926
53220,Milwaukee,Wisconsin,99,A,2,C,7772
53224,Milwaukee,Wisconsin,1627,F,5,F,4513
53225,Milwaukee,Wisconsin,569,D,1,C,3673
53227,Milwaukee,Wisconsin,1239,B,1,F,5657
53278,Milwaukee,Wisconsin,1021,D,2,B,4324
53540,Gotham,Wisconsin,1610,F,3,A,4647
53549,Jefferson,Wisconsin,1175,C,1,C,5151
53574,New Glarus,Wisconsin,1761,F,5,A,6077
53586,Shullsburg,Wisconsin,1239,D,1,F,
53588,Spring Green,Wisconsin,839,C,1,F,5149
53703,Madison,Wisconsin,1436,B,2,D,6164
53713,Madison,Wisconsin,1206,F,2,D,4215
53785,Madison,Wisconsin,792,F,5,B,
53786,Madison,Wisconsin,1886,C,1,F,4959
53793,Madison,Wisconsin,766,F,5,F,4704
53802,Beetown,Wisconsin,967,D,2,B,
53816,Mount Hope,Wisconsin,501,C,1,C,6441
53916,Beaver Dam,Wisconsin,1906,A,3,D,7304
53916,Beaver Dam,Wisconsin,335,D,4,B,
53928,Doylestown,Wisconsin,779,F,2,C,3501
53934,Friendship,Wisconsin,890,F,2,B,5223
53942,Lime Ridge,Wisconsin,1922,D,1,D,3761
53959,Reedsburg,Wisconsin,998,C,3,F,6088
53962,Union Center,Wisconsin,765,D,4,A,
54004,Clayton,Wisconsin,1230,B,4,F,9550
54006,Cushing,Wisconsin,715,A,4,F,8487
54015,Hammond,Wisconsin,1982,D,3,A,
54119,Dunbar,Wisconsin,1252,B,1,A,8600
54125,Goodman,Wisconsin,1977,C,2,D,5716
54128,Gresham,Wisconsin,482,A,3,B,9269
54149,Mountain,Wisconsin,1092,D,1,C,
54155,Oneida,Wisconsin,1306,B,2,A,7665
54170,Shiocton,Wisconsin,763,B,1,A,9081
54226,Maplewood,Wisconsin,1474,C,4,D,6639
54226,Maplewood,Wisconsin,1531,C,2,F,4130
54403,Wausau,Wisconsin,1314,B,5,A,10620
54411,Athens,Wisconsin,1739,A,1,A,7177
54413,Babcock,Wisconsin,1571,F,1,D,3599
54429,Elderon,Wisconsin,967,D,2,F,4102
54434,Jump River,Wisconsin,1965,D,3,B,7189
54454,Milladore,Wisconsin,1468,D,2,C,3917
54466,Pittsville,Wisconsin,983,A,1,A,8678
54467,Plover,Wisconsin,1823,C,5,C,
54470,Rib Lake,Wisconsin,661,A,4,C,10416
54514,Butternut,Wisconsin,341,A,3,B,10197
54515,Catawba,Wisconsin,1592,D,3,D,4685
54519,Conover,Wisconsin,787,C,4,F,6879
54529,Harshaw,Wisconsin,437,B,1,B,8826
54529,Harshaw,Wisconsin,924,C,4,D,7619
54555,Phillips,Wisconsin,44,D,5,F,4284
54561,Star Lake,Wisconsin,1760,B,1,F,
54566,Wabeno,Wisconsin,518,F,2,F,3595
54624,De Soto,Wisconsin,555,F,4,F,4697
54650,Onalaska,Wisconsin,76,D,5,D,5444
54660,Tomah,Wisconsin,1084,C,3,B,8817
54661,Trempealeau,Wisconsin,293,C,3,D,
54662,Tunnel City,Wisconsin,431,F,5,B,6805
54722,Augusta,Wisconsin,1388,F,2,D,3723
54726,Boyd,Wisconsin,66,B,1,B,
54739,Elk Mound,Wisconsin,26,C,5,B,
54755,Mondovi,Wisconsin,329,F,2,B,
54762,Prairie Farm,Wisconsin,1978,C,1,C,
54767,Spring Valley,Wisconsin,1418,D,1,A,5536
54828,Couderay,Wisconsin,1816,F,5,D,
54835,Exeland,Wisconsin,1762,B,3,B,11026
54844,Herbster,Wisconsin,1742,A,1,C,5777
54844,Herbster,Wisconsin,1746,D,5,B,7302
54870,Sarona,Wisconsin,1262,B,2,C,6962
54871,Shell Lake,Wisconsin,1511,F,4,A,7257
54876,Stone Lake,Wisconsin,1173,B,4,C,9054
54935,Fond du Lac,Wisconsin,1170,B,4,C,
54971,Ripon,Wisconsin,1140,F,3,A,
54978,Tilleda,Wisconsin,1116,D,5,F,4949
55007,Brook Park,Minnesota,1134,A,5,C,10256
55012,Center City,Minnesota,1329,B,5,F,
55032,Harris,Minnesota,491,C,2,F,
55049,Medford,Minnesota,81,A,4,C,
55060,Owatonna,Minnesota,1357,C,1,A,9049
55066,Red Wing,Minnesota,297,B,2,B,9537
55120,Saint Paul,Minnesota,206,D,5,A,
55126,Saint Paul,Minnesota,713,C,5,B,
55188,Saint Paul,Minnesota,950,F,2,D,3709
55306,Burnsville,Minnesota,1940,F,5,B,5892
55311,Maple Grove,Minnesota,1570,C,3,C,7326
55342,Hector,Minnesota,339,D,5,A,
55350,Hutchinson,Minnesota,352,D,5,A,8286
55366,New Auburn,Minnesota,1115,A,1,F,5574
55375,Saint Bonifacius,Minnesota,1278,B,5,B,10781
55387,Waconia,Minnesota,1346,F,3,D,4582
55392,Navarre,Minnesota,1824,F,3,A,6050
55397,Young America,Minnesota,77,D,1,F,
55411,Minneapolis,Minnesota,1076,A,1,B,
55440,Minneapolis,Minnesota,1119,C,2,D,4662
55459,Minneapolis,Minnesota,404,B,4,D,7379
55480,Minneapolis,Minnesota,1384,B,4,B,13153
55571,Maple Plain,Minnesota,617,A,3,C,7467
55574,Maple Plain,Minnesota,737,C,2,A,6069
55578,Maple Plain,Minnesota,1083,C,3,A,8450
55578,Maple Plain,Minnesota,709,F,4,A,8434
55597,Loretto,Minnesota,911,F,3,F,
55615,Tofte,Minnesota,1819,D,5,B,
55702,Alborn,Minnesota,1873,B,3,A,9637
55707,Barnum,Minnesota,876,B,3,F,
55717,Canyon,Minnesota,1644,C,1,A,
55721,Cohasset,Minnesota,1423,D,3,C,4297
55722,Coleraine,Minnesota,342,A,1,B,7247
55736,Floodwood,Minnesota,274,A,1,F,
55763,Makinen,Minnesota,1790,D,5,C,6105
55768,Mountain Iron,Minnesota,254,C,3,C,7258
55779,Saginaw,Minnesota,1979,F,5,C,5198
55783,Sturgeon Lake,Minnesota,189,F,3,C,
55805,Duluth,Minnesota,1091,A,3,A,
55805,Duluth,Minnesota,1220,B,4,C,
55810,Duluth,Minnesota,471,F,5,A,8290
55815,Duluth,Minnesota,1840,A,2,D,
55902,Rochester,Minnesota,1456,A,3,A,8666
55920,Byron,Minnesota,1078,C,5,F,6770
55927,Dodge Center,Minnesota,1669,C,5,D,6173
55960,Oronoco,Minnesota,1397,F,3,A,5628
55960,Oronoco,Minnesota,1312,F,1,C,
55987,Winona,Minnesota,1858,C,2,C,4852
55988,Stockton,Minnesota,511,D,4,D,5283
55990,Wykoff,Minnesota,764,D,4,A,
56010,Amboy,Minnesota,169,F,3,B,4307
56030,Essig,Minnesota,38,B,1,D,5112
56032,Freeborn,Minnesota,1542,B,1,F,5717
56034,Garden City,Minnesota,1730,C,3,C,6437
56060,Lewisville,Minnesota,1205,D,5,C,5600
56083,Sanborn,Minnesota,1665,B,5,A,9056
56090,Vernon Center,Minnesota,960,D,1,C,4606
56127,Dunnell,Minnesota,590,D,5,B,7615
56131,Fulda,Minnesota,280,C,5,B,8065
56136,Hendricks,Minnesota,1836,C,4,C,7080
56141,Iona,Minnesota,944,D,3,B,5451
56144,Jasper,Minnesota,1802,F,3,F,4174
56161,Okabena,Minnesota,1241,C,2,F,4764
56187,Worthington,Minnesota,727,F,1,D,3679
56243,Grove City,Minnesota,107,C,3,A,8436
56251,Kandiyohi,Minnesota,1951,F,5,B,7805
56252,Kerkhoven,Minnesota,361,A,2,D,6321
56295,Watson,Minnesota,1846,A,4,F,
56303,Saint Cloud,Minnesota,196,B,5,B,11098
56303,Saint Cloud,Minnesota,1446,C,4,A,11047
56308,Alexandria,Minnesota,1224,B,5,A,13170
56312,Belgrade,Minnesota,626,B,1,F,
56330,Foreston,Minnesota,789,B,1,A,7582
56343,Kensington,Minnesota,163,D,5,A,5474
56373,Royalton,Minnesota,1415,F,1,D,3074
56375,Saint Stephen,Minnesota,1422,F,2,C,3017
56376,Saint Martin,Minnesota,1168,C,5,D,6519
56397,Saint Cloud,Minnesota,409,C,3,C,7700
56398,Saint Cloud,Minnesota,1711,B,3,B,9662
56430,Ah Gwah Ching,Minnesota,59,F,2,B,4322
56440,Clarissa,Minnesota,1723,C,1,B,
56459,Lake Hubert,Minnesota,1563,F,4,B,9036
56501,Detroit Lakes,Minnesota,1901,F,2,C,4545
56520,Breckenridge,Minnesota,68,F,4,F,4882
56561,Moorhead,Minnesota,1726,C,2,D,4656
56569,Ogema,Minnesota,1001,C,4,A,9362
56575,Ponsford,Minnesota,730,C,4,A,9122
56577,Richwood,Minnesota,849,B,3,C,8480
56589,Waubun,Minnesota,599,B,2,F,5609
56591,White Earth,Minnesota,650,D,5,F,4550
56626,Bena,Minnesota,1783,C,1,C,4872
56666,Ponemah,Minnesota,20,B,5,B,13734
56676,Shevlin,Minnesota,385,D,4,B,6134
56731,Humboldt,Minnesota,192,D,1,F,2834
56734,Lake Bronson,Minnesota,877,B,3,B,9178
56762,Warren,Minnesota,1532,D,2,F,3502
57004,Beresford,South Dakota,1745,D,2,A,
57007,Brookings,South Dakota,1993,A,4,F,7302
57043,Marion,South Dakota,1026,B,4,D,7017
57077,Worthing,South Dakota,1389,F,2,D,3574
57104,Sioux Falls,South Dakota,260,A,2,C,6554
57107,Sioux Falls,South Dakota,239,B,5,C,7749
57117,Sioux Falls,South Dakota,1093,A,3,B,8717
57197,Sioux Falls,South Dakota,1358,D,5,D,7807
57217,Bradley,South Dakota,918,A,5,D,
57221,Bryant,South Dakota,432,A,2,A,7742
57227,Corona,South Dakota,577,A,2,B,8781
57243,Henry,South Dakota,238,D,5,B,6845
57251,Marvin,South Dakota,692,A,1,C,
57263,South Shore,South Dakota,1157,A,4,C,11434
57272,Wallace,South Dakota,1942,B,1,C,5579
57340,Fulton,South Dakota,914,D,1,D,
57348,Hitchcock,South Dakota,1890,F,1,F,3937
57382,Wessington Springs,South Dakota,172,A,1,D,5451
57383,White Lake,South Dakota,904,B,4,D,9534
57399,Huron,South Dakota,986,A,4,F,8801
57421,Amherst,South Dakota,1344,C,5,A,9635
57435,Cresbard,South Dakota,289,F,3,C,
57436,Doland,South Dakota,1700,F,1,C,3916
57438,Faulkton,South Dakota,1231,D,1,A,3775
57469,Redfield,South Dakota,1063,F,5,D,4767
57470,Rockham,South Dakota,1496,C,5,D,6228
57501,Pierre,South Dakota,1000,F,3,D,3514
57532,Fort Pierre,South Dakota,575,D,4,B,6456
57569,Reliance,South Dakota,777,F,4,B,6142
57571,Saint Charles,South Dakota,23,C,4,C,8745
58002,Absaraka,North Dakota,1467,A,1,C,6307
58006,Arthur,North Dakota,1128,F,5,C,6267
58012,Casselton,North Dakota,1509,B,1,F,6093
58018,Colfax,North Dakota,804,C,2,D,5176
58021,Davenport,North Dakota,1539,F,5,D,5006
58051,Kindred,North Dakota,1168,A,5,F,8432
58052,Leonard,North Dakota,1598,F,3,A,6082
58054,Lisbon,North Dakota,1939,C,4,D,6914
58075,Wahpeton,North Dakota,978,B,2,A,7106
58228,Emerado,North Dakota,1679,D,1,B,
58238,Hamilton,North Dakota,1196,F,3,A,
58239,Hannah,North Dakota,1456,B,3,A,9582
58260,Milton,North Dakota,277,C,5,A,12276
58275,Reynolds,North Dakota,684,B,5,C,
58278,Thompson,North Dakota,1478,B,1,B,7393
58301,Devils Lake,North Dakota,1267,D,1,F,
58310,Agate,North Dakota,926,A,2,B,6461
58316,Belcourt,North Dakota,733,C,3,D,5894
58318,Bottineau,North Dakota,847,C,5,D,5835
58335,Fort Totten,North Dakota,1969,A,5,B,11952
58352,Munich,North Dakota,1233,B,4,D,7011
58356,New Rockford,North Dakota,1808,D,2,A,5060
58362,Penn,North Dakota,1832,F,1,A,5692
58374,Sheyenne,North Dakota,158,A,4,C,9140
58422,Cathay,North Dakota,1610,A,5,B,
58460,Lehr,North Dakota,995,D,5,F,3743
58484,Sutton,North Dakota,1777,F,4,F,5404
58503,Bismarck,North Dakota,664,B,3,A,8988
58505,Bismarck,North Dakota,988,B,4,C,11234
58542,Hague,North Dakota,1618,A,2,A,10572
58707,Minot,North Dakota,1201,B,2,C,7383
58733,Des Lacs,North Dakota,641,A,4,A,11347
58760,Maxbass,North Dakota,346,D,1,C,
58782,Sherwood,North Dakota,1627,F,4,F,5022
58790,Velva,North Dakota,1588,F,4,F,4436
58801,Williston,North Dakota,920,A,1,B,8389
58833,Ambrose,North Dakota,750,A,5,F,10905
60017,Des Plaines,Illinois,528,A,5,D,8067
60026,Glenview,Illinois,1560,B,2,A,8239
60029,Golf,Illinois,1283,B,3,C,8771
60035,Highland Park,Illinois,932,B,3,B,9543
60040,Highwood,Illinois,1599,B,3,D,6961
60047,Lake Zurich,Illinois,1099,A,5,B,16004
60050,McHenry,Illinois,682,B,1,A,7020
60073,Round Lake,Illinois,1596,F,4,D,5546
60090,Wheeling,Illinois,468,C,3,A,8209
60105,Bensenville,Illinois,1981,A,4,D,10445
60108,Bloomingdale,Illinois,1347,A,5,A,10680
60110,Carpentersville,Illinois,1319,F,5,D,
60121,Elgin,Illinois,1336,B,3,C,
60124,Elgin,Illinois,728,C,4,D,6579
60162,Hillside,Illinois,1837,F,4,B,8962
60168,Schaumburg,Illinois,810,D,3,F,3655
60169,Hoffman Estates,Illinois,640,C,2,D,5693
60171,River Grove,Illinois,829,D,2,C,4328
60175,Saint Charles,Illinois,1241,F,3,A,5675
60179,Hoffman Estates,Illinois,276,B,5,B,14100
60301,Oak Park,Illinois,1143,A,3,D,7678
60399,Wood Dale,Illinois,214,F,5,B,6021
60406,Blue Island,Illinois,1103,D,2,C,4940
60412,Chicago Heights,Illinois,543,A,4,B,10610
60419,Dolton,Illinois,841,B,4,F,10060
60420,Dwight,Illinois,623,C,3,D,5750
60423,Frankfort,Illinois,1520,B,5,C,
60423,Frankfort,Illinois,1831,C,2,F,4390
60443,Matteson,Illinois,408,F,3,C,5101
60455,Bridgeview,Illinois,870,A,2,F,
60459,Burbank,Illinois,1661,F,5,B,7332
60462,Orland Park,Illinois,1654,B,5,A,9926
60462,Orland Park,Illinois,169,D,5,C,6734
60468,Peotone,Illinois,396,B,4,D,6649
60473,South Holland,Illinois,1634,D,3,D,3688
60474,South Wilmington,Illinois,1518,A,2,F,6228
60490,Bolingbrook,Illinois,1208,F,3,C,5450
60507,Aurora,Illinois,542,D,4,A,7342
60515,Downers Grove,Illinois,1940,A,3,A,8992
60539,Mooseheart,Illinois,155,D,1,B,3866
60545,Plano,Illinois,490,A,1,A,6392
60556,Waterman,Illinois,1964,B,1,B,
60602,Chicago,Illinois,677,F,3,B,
60615,Chicago,Illinois,1185,D,2,D,2959
60625,Chicago,Illinois,751,F,3,C,4866
60630,Chicago,Illinois,1194,D,3,C,5604
60638,Chicago,Illinois,310,C,1,D,5812
60639,Chicago,Illinois,1293,A,5,F,8022
60649,Chicago,Illinois,970,C,2,C,
60653,Chicago,Illinois,256,F,2,D,3410
60664,Chicago,Illinois,1544,B,4,A,11276
60669,Chicago,Illinois,1264,B,3,F,
60695,Chicago,Illinois,31,C,5,F,7062
60915,Bradley,Illinois,1696,D,2,A,5173
60928,Crescent City,Illinois,529,A,3,D,6096
60945,Iroquois,Illinois,1319,D,4,B,7650
60948,Loda,Illinois,897,F,1,B,5602
60951,Martinton,Illinois,1305,F,4,C,5382
60959,Piper City,Illinois,1201,A,1,F,5707
61015,Chana,Illinois,1913,D,2,B,6084
61030,Forreston,Illinois,1484,B,5,F,7857
61032,Freeport,Illinois,1195,B,1,C,
61042,Harmon,Illinois,607,F,5,B,6591
61049,Lindenwood,Illinois,1097,D,4,D,4928
61068,Rochelle,Illinois,209,D,4,B,6585
61087,Warren,Illinois,1551,F,2,B,4878
61101,Rockford,Illinois,212,D,5,B,
61102,Rockford,Illinois,1949,F,3,C,5257
61104,Rockford,Illinois,1522,B,5,C,9628
61107,Rockford,Illinois,307,B,5,D,8727
61239,Carbon Cliff,Illinois,23,A,2,C,6568
61243,Deer Grove,Illinois,1512,B,4,A,11451
61250,Erie,Illinois,184,C,4,D,
61256,Hampton,Illinois,1102,A,5,D,8056
61259,Illinois City,Illinois,984,B,5,B,10580
61263,Matherville,Illinois,1997,A,3,A,9663
61263,Matherville,Illinois,656,A,4,C,9774
61275,Port Byron,Illinois,838,F,5,C,
61310,Amboy,Illinois,982,D,3,A,6697
61320,Dalzell,Illinois,1706,F,1,C,4197
61323,Dover,Illinois,1872,D,1,F,3981
61331,Lee Center,Illinois,774,C,1,A,
61341,Marseilles,Illinois,1689,F,1,A,4719
61350,Ottawa,Illinois,1260,F,2,D,
61359,Seatonville,Illinois,956,A,3,C,6108
61360,Seneca,Illinois,658,F,1,D,3168
61362,Spring Valley,Illinois,136,C,1,D,4231
61364,Streator,Illinois,654,C,4,F,7041
61368,Tiskilwa,Illinois,1345,F,4,D,5033
61401,Galesburg,Illinois,1664,B,1,F,4927
61411,Adair,Illinois,615,B,5,A,
61421,Bradford,Illinois,1983,D,1,B,
61423,Cameron,Illinois,1873,F,1,D,
61433,Fiatt,Illinois,527,A,3,D,6211
61439,Henderson,Illinois,171,A,5,D,8512
61453,Little York,Illinois,859,C,4,F,5974
61454,Lomax,Illinois,489,A,5,F,
61475,Sciota,Illinois,434,A,5,A,
61486,Viola,Illinois,1255,B,5,C,8058
61532,Forest City,Illinois,127,C,3,A,7072
61540,Lacon,Illinois,1369,B,3,B,10594
61545,Lowpoint,Illinois,757,D,1,C,3694
61552,Mossville,Illinois,614,F,5,F,4583
61561,Roanoke,Illinois,617,C,4,F,6483
61613,Peoria,Illinois,744,B,3,A,10085
61613,Peoria,Illinois,1565,F,1,A,4203
61735,Dewitt,Illinois,409,A,4,B,11290
61742,Goodfield,Illinois,904,C,4,D,
61743,Graymont,Illinois,672,B,3,A,
61749,Kenney,Illinois,46,F,5,F,4606
61769,Saunemin,Illinois,1599,D,3,B,4670
61776,Towanda,Illinois,1661,B,3,F,6447
61801,Urbana,Illinois,614,A,3,A,10914
61810,Allerton,Illinois,83,C,1,D,
61825,Champaign,Illinois,1738,D,1,B,4794
61831,Collison,Illinois,1611,D,4,D,5405
61840,Dewey,Illinois,836,C,4,B,9123
61840,Dewey,Illinois,249,C,3,D,5957
61850,Indianola,Illinois,816,D,5,A,8415
61882,Weldon,Illinois,1116,A,2,D,5866
61933,Kansas,Illinois,1750,D,3,C,4045
61951,Sullivan,Illinois,386,F,5,C,5536
62032,Fillmore,Illinois,1942,B,2,B,9294
62033,Gillespie,Illinois,1261,F,1,B,4376
62035,Godfrey,Illinois,1703,D,3,F,4342
62036,Golden Eagle,Illinois,1435,C,2,C,5850
62048,Hartford,Illinois,1095,D,5,F,5909
62058,Livingston,Illinois,1577,D,3,D,3335
62061,Marine,Illinois,1493,C,1,A,
62071,National Stock Yards,Illinois,1493,B,5,A,14383
62076,Ohlman,Illinois,1315,B,4,A,9451
62095,Wood River,Illinois,589,D,1,F,
62203,East Saint Louis,Illinois,1470,A,1,D,
62214,Addieville,Illinois,1751,A,3,B,
62223,Belleville,Illinois,187,B,2,C,
62248,Hecker,Illinois,115,C,5,D,
62257,Marissa,Illinois,884,D,4,F,4847
62264,New Athens,Illinois,1445,F,5,B,7401
62274,Pinckneyville,Illinois,1809,F,3,F,
62278,Red Bud,Illinois,42,A,3,D,6841
62279,Renault,Illinois,1352,A,4,D,
62346,La Prairie,Illinois,832,B,2,C,7223
62361,Pearl,Illinois,145,F,1,A,5391
62366,Pleasant Hill,Illinois,1040,F,2,B,5654
62374,Tennessee,Illinois,1609,A,4,A,
62417,Bridgeport,Illinois,190,F,3,C,4096
62441,Marshall,Illinois,264,B,3,C,
62447,Neoga,Illinois,976,C,4,F,7348
62461,Shumway,Illinois,1838,A,5,B,11236
62462,Sigel,Illinois,469,F,4,D,
62465,Strasburg,Illinois,618,D,4,C,6242
62475,West Liberty,Illinois,1427,B,5,C,10601
62480,Willow Hill,Illinois,1032,C,5,A,
62515,Buffalo,Illinois,851,F,4,D,5474
62517,Bulpitt,Illinois,1670,B,3,C,
62521,Decatur,Illinois,651,A,4,B,11275
62533,Farmersville,Illinois,1219,D,3,A,5076
62535,Forsyth,Illinois,939,B,2,C,
62547,Mount Auburn,Illinois,1810,B,4,B,11925
62573,Warrensburg,Illinois,1006,F,2,D,2958
62610,Alsey,Illinois,593,B,4,B,
62633,Easton,Illinois,964,A,3,D,
62660,Literberry,Illinois,1697,B,2,A,8179
62665,Meredosia,Illinois,249,B,2,C,6295
62796,Springfield,Illinois,92,B,1,F,5489
62824,Clay City,Illinois,1309,D,5,F,6047
62842,Geff,Illinois,1064,B,5,C,9584
62844,Grayville,Illinois,1536,C,3,D,5613
62844,Grayville,Illinois,1435,D,1,C,4728
62848,Irvington,Illinois,514,A,1,A,8225
62848,Irvington,Illinois,248,A,3,D,6587
62856,Logan,Illinois,1728,A,3,F,7174
62882,Sandoval,Illinois,767,A,2,B,8695
62888,Tamaroa,Illinois,1058,A,4,A,12754
62898,Woodlawn,Illinois,1724,B,2,A,8510
62910,Brookport,Illinois,1805,C,2,D,5001
62917,Carrier Mills,Illinois,318,B,4,F,8667
62930,Eldorado,Illinois,1917,D,4,D,5767
62935,Galatia,Illinois,454,C,5,B,7675
62950,Jacob,Illinois,955,A,1,B,
62954,Junction,Illinois,960,F,2,D,
62959,Marion,Illinois,995,C,3,D,6287
62967,New Burnside,Illinois,873,C,3,C,6735
62967,New Burnside,Illinois,764,D,4,F,5541
62997,Willisville,Illinois,1456,C,3,A,7494
63005,Chesterfield,Missouri,498,C,4,B,9204
63013,Beaufort,Missouri,185,F,5,D,6164
63016,Cedar Hill,Missouri,1432,B,3,F,7746
63040,Grover,Missouri,801,C,4,F,5921
63069,Pacific,Missouri,1113,F,2,C,4662
63084,Union,Missouri,1072,D,3,A,7665
63099,Fenton,Missouri,345,C,5,B,8462
63115,Saint Louis,Missouri,1852,C,4,D,
63136,Saint Louis,Missouri,1755,D,3,B,6731
63156,Saint Louis,Missouri,319,A,2,C,5596
63333,Bellflower,Missouri,1128,F,5,F,6477
63336,Clarksville,Missouri,1252,A,1,C,7098
63339,Curryville,Missouri,796,F,1,A,4207
63349,Hawk Point,Missouri,700,A,4,A,13645
63376,Saint Peters,Missouri,814,B,5,F,
63389,Winfield,Missouri,287,F,3,B,6101
63439,Emden,Missouri,676,D,2,C,3984
63441,Frankford,Missouri,1842,B,4,F,7926
63460,Novelty,Missouri,1361,F,4,F,5265
63462,Perry,Missouri,1644,A,4,A,10451
63467,Saverton,Missouri,130,A,5,A,12629
63473,Williamstown,Missouri,1368,D,3,B,
63532,Bevier,Missouri,1777,B,1,B,9938
63535,Coatsville,Missouri,1663,F,3,C,4496
63549,La Plata,Missouri,1924,D,2,C,4118
63559,Novinger,Missouri,1108,A,1,B,
63561,Queen City,Missouri,847,C,3,C,
63651,Knob Lick,Missouri,103,B,2,B,8205
63673,Saint Mary,Missouri,1954,A,1,C,5553
63673,Saint Mary,Missouri,248,D,3,F,3733
63738,Brownwood,Missouri,1957,F,1,F,
63751,Glenallen,Missouri,799,A,5,D,
63785,Whitewater,Missouri,454,D,1,F,3539
63839,Cooter,Missouri,1621,A,1,D,
63901,Poplar Bluff,Missouri,1821,C,2,D,4673
63937,Ellsinore,Missouri,246,C,4,D,7861
63964,Silva,Missouri,1579,C,3,B,9241
63967,Williamsville,Missouri,1780,D,4,A,6566
64013,Blue Springs,Missouri,467,B,2,A,8171
64050,Independence,Missouri,256,C,1,B,7308
64063,Lees Summit,Missouri,726,C,3,C,7252
64074,Napoleon,Missouri,1787,C,2,B,7516
64109,Kansas City,Missouri,1219,B,1,A,7947
64118,Kansas City,Missouri,1676,D,2,F,
64121,Kansas City,Missouri,201,C,1,B,7065
64124,Kansas City,Missouri,198,B,3,B,8925
64124,Kansas City,Missouri,1090,F,1,B,
64130,Kansas City,Missouri,415,B,4,B,9927
64137,Kansas City,Missouri,271,D,4,B,7113
64146,Kansas City,Missouri,680,A,3,A,10423
64155,Kansas City,Missouri,202,F,3,F,4627
64162,Kansas City,Missouri,1679,B,2,D,4742
64195,Kansas City,Missouri,577,C,4,B,10497
64198,Kansas City,Missouri,444,C,4,D,7348
64428,Burlington Junction,Missouri,1592,C,4,D,
64434,Conception Junction,Missouri,1231,B,4,B,
64448,Faucett,Missouri,643,B,5,F,8528
64463,King City,Missouri,506,B,3,B,12029
64469,Maysville,Missouri,1206,A,4,C,8459
64469,Maysville,Missouri,1923,D,1,F,
64490,Stewartsville,Missouri,236,F,3,F,3719
64497,Weatherby,Missouri,392,A,3,B,8779
64506,Saint Joseph,Missouri,422,C,3,D,
64647,Jameson,Missouri,1511,A,3,F,
64651,Laclede,Missouri,1339,D,2,F,3782
64658,Marceline,Missouri,105,C,5,C,8385
64667,Newtown,Missouri,31,D,4,F,
64683,Trenton,Missouri,673,C,5,A,9101
64744,El Dorado Springs,Missouri,1473,C,4,A,11181
64748,Golden City,Missouri,1565,C,2,B,8415
64752,Hume,Missouri,533,D,5,A,7424
64756,Jerico Springs,Missouri,1334,F,1,A,4892
64765,Metz,Missouri,1408,C,3,A,9665
64790,Walker,Missouri,1054,D,1,F,3431
64803,Joplin,Missouri,1875,A,1,D,6826
64831,Anderson,Missouri,1590,B,5,D,5876
64841,Duenweg,Missouri,1062,A,5,F,8736
64862,Sarcoxie,Missouri,322,F,3,A,4658
64867,Stella,Missouri,114,F,3,B,4664
64868,Tiff City,Missouri,1355,C,2,B,
64999,Kansas City,Missouri,889,B,5,F,7183
65032,Eugene,Missouri,1690,A,2,F,6045
65047,Kaiser,Missouri,1318,D,1,C,
65050,Latham,Missouri,37,D,3,C,4306
65050,Latham,Missouri,1390,F,1,D,3908
65074,Russellville,Missouri,156,A,1,C,5874
65075,Saint Elizabeth,Missouri,467,A,1,D,5890
65080,Tebbetts,Missouri,499,F,2,D,3294
65103,Jefferson City,Missouri,100,B,3,F,7769
65259,Huntsville,Missouri,832,C,3,D,5979
65329,Florence,Missouri,18,C,1,A,
65336,Knob Noster,Missouri,1079,C,5,A,8924
65344,Miami,Missouri,1507,B,3,C,6637
65350,Smithton,Missouri,78,A,2,B,7930
65401,Rolla,Missouri,558,F,1,A,
65402,Rolla,Missouri,65,C,1,A,
65441,Bourbon,Missouri,818,F,5,C,5360
65462,Edgar Springs,Missouri,1396,A,1,B,6767
65536,Lebanon,Missouri,348,D,2,B,5961
65565,Steelville,Missouri,1518,A,4,A,9332
65582,Vienna,Missouri,1794,C,3,F,5406
65583,Waynesville,Missouri,1647,C,4,B,
65588,Winona,Missouri,311,D,5,C,5710
65609,Bakersfield,Missouri,1657,F,4,C,
65631,Clever,Missouri,105,F,4,F,5885
65636,Diggins,Missouri,514,D,4,B,7794
65644,Elkland,Missouri,591,F,5,D,5642
65649,Fair Play,Missouri,449,B,1,C,7028
65656,Galena,Missouri,1933,C,4,D,6544
65676,Isabella,Missouri,947,D,2,C,4297
65706,Marshfield,Missouri,932,C,4,B,12931
65715,Noble,Missouri,92,C,1,B,7177
65721,Ozark,Missouri,1070,D,3,C,3967
65733,Protem,Missouri,1023,A,5,F,7636
65742,Rogersville,Missouri,1132,D,4,B,7577
65742,Rogersville,Missouri,1438,D,5,F,4931
65762,Thornfield,Missouri,1151,C,2,D,5233
65774,Weaubleau,Missouri,1921,A,4,F,8667
65786,Macks Creek,Missouri,180,A,1,B,8240
65786,Macks Creek,Missouri,389,A,2,C,
65789,Pomona,Missouri,1228,B,2,B,
65790,Pottersville,Missouri,1962,F,3,C,4534
65814,Springfield,Missouri,1081,A,5,B,12493
66017,Denton,Kansas,326,F,5,D,5202
66051,Olathe,Kansas,1973,F,3,C,3746
66052,Linwood,Kansas,1147,A,4,C,10238
66079,Rantoul,Kansas,1949,D,3,C,4459
66093,Westphalia,Kansas,1351,C,2,D,4722
66105,Kansas City,Kansas,219,C,3,D,5716
66109,Kansas City,Kansas,886,F,2,C,4368
66118,Kansas City,Kansas,1479,F,2,A,4432
66203,Shawnee,Kansas,717,B,5,B,12411
66203,Shawnee,Kansas,1229,D,5,C,7524
66216,Shawnee,Kansas,52,F,4,A,
66226,Shawnee,Kansas,1623,A,5,D,7898
66285,Lenexa,Kansas,283,D,3,C,
66404,Baileyville,Kansas,795,F,2,F,3154
66407,Belvue,Kansas,943,C,5,A,
66423,Eskridge,Kansas,1243,D,4,C,6090
66426,Fostoria,Kansas,815,C,4,C,7368
66439,Horton,Kansas,345,D,2,B,4262
66507,Maple Hill,Kansas,1132,A,2,C,
66531,Riley,Kansas,724,F,1,F,4368
66539,Silver Lake,Kansas,364,D,5,D,5075
66540,Soldier,Kansas,304,B,3,B,
66606,Topeka,Kansas,519,F,3,B,5466
66629,Topeka,Kansas,352,D,2,F,3401
66724,Cherokee,Kansas,226,A,4,F,9359
66733,Erie,Kansas,594,D,5,C,4790
66736,Fredonia,Kansas,1265,A,5,A,14836
66753,McCune,Kansas,967,B,5,B,10165
66756,Mulberry,Kansas,719,C,3,C,
66772,Savonburg,Kansas,1975,B,3,D,8142
66775,Stark,Kansas,313,C,3,F,5939
66830,Admire,Kansas,1047,D,3,F,
66859,Lost Springs,Kansas,1330,B,5,B,9293
66870,Virgil,Kansas,1665,F,2,F,3302
66933,Barnes,Kansas,440,D,4,C,6735
66941,Esbon,Kansas,743,B,1,D,6095
67021,Byers,Kansas,228,D,5,F,5714
67030,Colwich,Kansas,696,F,5,C,4695
67041,Elbing,Kansas,1894,F,5,C,6392
67053,Goessel,Kansas,223,D,5,A,7760
67056,Halstead,Kansas,501,B,3,F,7283
67061,Hazelton,Kansas,1337,B,5,F,7839
67068,Kingman,Kansas,965,C,3,F,5076
67209,Wichita,Kansas,390,A,2,D,5055
67217,Wichita,Kansas,1891,F,4,D,5723
67221,McConnell Air Force Base,Kansas,474,A,4,D,7918
67232,Wichita,Kansas,724,A,2,A,6559
67277,Wichita,Kansas,1439,D,5,D,
67354,Mound Valley,Kansas,385,B,2,C,6173
67355,Niotaze,Kansas,261,D,4,D,
67418,Barnard,Kansas,1419,D,4,F,
67455,Lincoln,Kansas,501,F,2,F,3285
67459,Lorraine,Kansas,835,D,3,C,
67459,Lorraine,Kansas,612,F,3,F,
67476,Roxbury,Kansas,745,C,1,F,5259
67483,Tampa,Kansas,1495,F,4,C,6326
67514,Arlington,Kansas,127,C,2,A,6792
67523,Burdett,Kansas,1171,B,5,C,8753
67567,Pawnee Rock,Kansas,194,D,5,B,8177
67572,Ransom,Kansas,1907,B,2,F,6527
67573,Raymond,Kansas,1085,A,5,C,7970
67653,Norcatur,Kansas,1277,F,3,C,4178
67657,Palco,Kansas,265,C,5,C,8021
67659,Penokee,Kansas,1316,A,5,B,13542
67701,Colby,Kansas,541,F,3,A,5054
67736,Gove,Kansas,1930,D,2,B,4401
67751,Park,Kansas,451,D,1,C,3772
67753,Rexford,Kansas,1477,B,4,D,
67764,Winona,Kansas,953,A,2,D,5330
67854,Jetmore,Kansas,871,F,2,D,
67864,Meade,Kansas,150,B,5,D,8630
67882,Wright,Kansas,1028,B,1,C,
67953,Richfield,Kansas,66,C,1,C,
67954,Rolla,Kansas,560,F,1,D,3348
68036,Linwood,Nebraska,864,D,2,F,3344
68063,Uehling,Nebraska,235,C,2,D,3708
68071,Winnebago,Nebraska,697,A,3,B,
68073,Yutan,Nebraska,259,C,2,F,4634
68104,Omaha,Nebraska,1598,F,3,D,4390
68117,Omaha,Nebraska,303,D,3,D,5104
68118,Omaha,Nebraska,1186,C,4,C,8187
68122,Omaha,Nebraska,177,B,2,B,7779
68123,Bellevue,Nebraska,1430,F,5,D,4811
68152,Omaha,Nebraska,1325,A,2,B,
68154,Omaha,Nebraska,494,C,3,C,5740
68172,Omaha,Nebraska,210,A,2,B,8370
68176,Omaha,Nebraska,557,C,1,C,5219
68178,Omaha,Nebraska,543,A,1,A,6607
68180,Omaha,Nebraska,1857,B,5,C,8128
68301,Adams,Nebraska,939,C,5,B,
68307,Avoca,Nebraska,381,A,3,C,6892
68324,Burr,Nebraska,1399,B,2,B,
68327,Chester,Nebraska,346,F,4,A,8902
68331,Cortland,Nebraska,223,D,5,F,6145
68333,Crete,Nebraska,56,C,5,A,
68336,Davey,Nebraska,650,A,2,D,
68340,Deshler,Nebraska,1867,B,4,D,8536
68344,Douglas,Nebraska,1866,B,1,D,5662
68361,Geneva,Nebraska,440,A,4,C,
68452,Ong,Nebraska,1747,F,1,B,5830
68504,Lincoln,Nebraska,144,B,1,C,6251
68505,Lincoln,Nebraska,476,B,2,C,7124
68517,Lincoln,Nebraska,568,F,4,A,6417
68532,Lincoln,Nebraska,1405,A,2,B,7422
68620,Albion,Nebraska,560,A,4,F,9025
68621,Ames,Nebraska,74,C,1,C,5610
68633,Dodge,Nebraska,1932,C,5,C,8222
68641,Howells,Nebraska,1386,D,4,A,6675
68651,Osceola,Nebraska,1818,D,2,D,3575
68733,Emerson,Nebraska,246,B,5,B,9211
68733,Emerson,Nebraska,112,C,2,C,4928
68748,Madison,Nebraska,830,A,5,D,7740
68758,Newman Grove,Nebraska,883,C,2,B,6113
68758,Newman Grove,Nebraska,1315,F,2,F,3914
68766,Page,Nebraska,1872,B,2,D,5832
68812,Amherst,Nebraska,220,C,4,B,7615
68812,Amherst,Nebraska,42,C,1,F,4159
68813,Anselmo,Nebraska,1224,B,1,C,7149
68813,Anselmo,Nebraska,509,C,4,D,6269
68816,Archer,Nebraska,1480,D,4,C,5768
68816,Archer,Nebraska,306,D,2,F,
68820,Boelus,Nebraska,1228,C,5,B,9925
68835,Elba,Nebraska,1233,C,2,B,8516
68854,Marquette,Nebraska,1876,A,3,C,8306
68932,Campbell,Nebraska,1804,B,2,D,
68979,Sutton,Nebraska,850,F,3,A,4930
69001,McCook,Nebraska,618,A,2,B,8349
69028,Eustis,Nebraska,1078,A,3,F,6619
69142,Halsey,Nebraska,394,A,5,B,11288
69142,Halsey,Nebraska,303,F,3,D,3815
69171,Willow Island,Nebraska,660,A,1,F,5635
70037,Belle Chasse,Louisiana,636,A,5,A,12685
70064,Kenner,Louisiana,181,B,3,F,
70075,Meraux,Louisiana,1204,D,1,D,2966
70085,Saint Bernard,Louisiana,1202,F,2,C,4034
70118,New Orleans,Louisiana,1629,D,3,C,5812
70127,New Orleans,Louisiana,1651,D,2,B,5524
70128,New Orleans,Louisiana,262,B,3,C,
70158,New Orleans,Louisiana,1535,B,3,F,6586
70170,New Orleans,Louisiana,1214,C,3,C,6307
70184,New Orleans,Louisiana,432,A,4,C,8338
70356,Gibson,Louisiana,815,A,4,F,7521
70375,Mathews,Louisiana,791,F,2,F,3743
70427,Bogalusa,Louisiana,1205,D,2,C,4618
70431,Bush,Louisiana,1110,C,2,A,6005
70436,Fluker,Louisiana,1678,C,1,F,
70441,Greensburg,Louisiana,1936,D,2,D,
70441,Greensburg,Louisiana,1627,F,3,B,6001
70443,Independence,Louisiana,502,B,2,B,8539
70455,Robert,Louisiana,828,F,2,F,3501
70458,Slidell,Louisiana,109,A,3,F,6356
70502,Lafayette,Louisiana,1364,B,5,D,7977
70512,Arnaudville,Louisiana,1291,F,5,F,5876
70516,Branch,Louisiana,1057,D,4,B,8741
70525,Church Point,Louisiana,1035,A,1,A,7976
70551,Leonville,Louisiana,780,F,2,B,4869
70601,Lake Charles,Louisiana,215,D,2,D,3726
70633,Dequincy,Louisiana,834,A,2,F,5592
70643,Grand Chenier,Louisiana,1840,B,2,D,5889
70653,Merryville,Louisiana,1370,B,2,C,6255
70656,Pitkin,Louisiana,975,C,2,D,5514
70707,Gonzales,Louisiana,131,A,3,A,8073
70711,Albany,Louisiana,254,B,2,F,6560
70718,Brittany,Louisiana,1989,C,5,B,8440
70718,Brittany,Louisiana,515,C,3,D,5311
70730,Ethel,Louisiana,1264,C,1,B,8055
70761,Norwood,Louisiana,1737,A,4,B,10693
70767,Port Allen,Louisiana,489,B,1,D,5432
70770,Pride,Louisiana,721,B,1,A,8480
70782,Tunica,Louisiana,1298,F,2,C,4706
70788,White Castle,Louisiana,1398,F,1,B,5222
70804,Baton Rouge,Louisiana,1263,B,5,A,13628
70825,Baton Rouge,Louisiana,697,D,3,D,3934
70892,Baton Rouge,Louisiana,430,B,2,F,
70894,Baton Rouge,Louisiana,1722,D,4,B,6992
71003,Athens,Louisiana,1663,C,3,C,5494
71006,Benton,Louisiana,1568,C,1,C,
71018,Cotton Valley,Louisiana,1381,F,5,A,8237
71058,Minden,Louisiana,1459,C,3,C,
71058,Minden,Louisiana,592,F,1,B,4018
71069,Rodessa,Louisiana,1775,C,4,F,6454
71071,Sarepta,Louisiana,214,C,5,B,9399
71073,Sibley,Louisiana,263,C,2,F,5080
71079,Summerfield,Louisiana,1829,F,5,B,6519
71102,Shreveport,Louisiana,741,D,4,A,7760
71115,Shreveport,Louisiana,537,A,5,F,8459
71118,Shreveport,Louisiana,1390,A,4,B,12019
71134,Shreveport,Louisiana,618,C,4,F,
71153,Shreveport,Louisiana,854,D,4,F,4322
71156,Shreveport,Louisiana,559,D,3,F,4648
71164,Shreveport,Louisiana,962,C,2,D,4609
71212,Monroe,Louisiana,98,D,5,F,5250
71213,Monroe,Louisiana,495,C,4,D,7304
71225,Calhoun,Louisiana,310,A,4,B,9036
71238,Eros,Louisiana,820,C,4,B,
71243,Fort Necessity,Louisiana,1851,A,4,F,9153
71249,Jigger,Louisiana,1770,D,5,C,5523
71261,Mer Rouge,Louisiana,284,F,2,A,5729
71279,Start,Louisiana,406,C,4,F,7827
71282,Tallulah,Louisiana,2586,A,8,B,
71309,Alexandria,Louisiana,911,D,3,A,5467
71331,Effie,Louisiana,440,A,3,C,6357
71350,Mansura,Louisiana,861,A,2,A,8015
71355,Moreauville,Louisiana,1191,A,4,C,9358
71357,Newellton,Louisiana,93,A,2,F,6343
71406,Belmont,Louisiana,92,C,4,A,9522
71419,Converse,Louisiana,928,A,5,B,9722
71427,Flatwoods,Louisiana,1469,D,4,B,
71429,Florien,Louisiana,1733,A,2,B,
71435,Grayson,Louisiana,412,D,2,D,2934
71439,Hornbeck,Louisiana,422,A,4,B,15787
71439,Hornbeck,Louisiana,946,D,4,C,6221
71446,Leesville,Louisiana,1394,B,2,A,9978
71447,Lena,Louisiana,1400,A,1,C,6222
71447,Lena,Louisiana,148,C,3,D,
71452,Melrose,Louisiana,1367,C,2,A,6617
71454,Montgomery,Louisiana,1438,C,2,D,4777
71463,Oakdale,Louisiana,1289,C,4,F,6878
71475,Slagle,Louisiana,1552,F,3,B,
71479,Tullos,Louisiana,1457,D,1,D,3602
71612,White Hall,Arkansas,850,D,2,C,3872
71654,McGehee,Arkansas,1112,A,2,B,9235
71655,Monticello,Arkansas,1836,F,3,F,3864
71677,Winchester,Arkansas,1203,C,3,C,6297
71725,Carthage,Arkansas,113,A,5,D,
71744,Hampton,Arkansas,286,F,5,F,4965
71747,Huttig,Arkansas,1806,A,4,F,7317
71750,Lawson,Arkansas,591,A,2,C,5611
71754,Magnolia,Arkansas,697,A,4,F,8641
71754,Magnolia,Arkansas,560,F,5,B,6458
71763,Sparkman,Arkansas,886,A,3,D,6671
71763,Sparkman,Arkansas,1795,F,5,A,5505
71764,Stephens,Arkansas,885,C,5,B,10342
71858,Rosston,Arkansas,262,C,5,C,
71859,Saratoga,Arkansas,1404,F,4,B,6624
71860,Stamps,Arkansas,709,A,5,A,12158
71861,Taylor,Arkansas,636,A,5,B,10694
71862,Washington,Arkansas,501,C,1,F,5213
71909,Hot Springs Village,Arkansas,1423,F,1,C,3950
72006,Augusta,Arkansas,1773,F,4,A,8189
72017,Biscoe,Arkansas,1388,A,3,B,9261
72030,Cleveland,Arkansas,335,F,2,B,4396
72033,Conway,Arkansas,1947,A,5,F,7812
72051,Fox,Arkansas,1286,D,2,B,5744
72057,Grapevine,Arkansas,1302,F,2,A,4700
72069,Holly Grove,Arkansas,963,D,3,C,3920
72074,Hunter,Arkansas,1430,D,5,F,5271
72111,Mount Vernon,Arkansas,1041,C,1,F,4455
72125,Perry,Arkansas,1636,A,4,D,
72135,Roland,Arkansas,1751,D,3,C,5199
72178,West Point,Arkansas,1130,A,3,D,6762
72179,Wilburn,Arkansas,936,B,4,C,7591
72190,North Little Rock,Arkansas,1491,A,1,A,8941
72231,Little Rock,Arkansas,663,C,2,B,
72310,Armorel,Arkansas,328,F,5,A,6838
72319,Gosnell,Arkansas,1067,B,3,B,9421
72319,Gosnell,Arkansas,636,B,1,C,6511
72322,Caldwell,Arkansas,1551,A,5,B,11182
72331,Earle,Arkansas,554,C,3,D,5033
72360,Marianna,Arkansas,735,A,2,A,
72366,Marvell,Arkansas,1812,F,1,A,5100
72421,Cash,Arkansas,1500,F,1,B,4226
72441,McDougal,Arkansas,23,B,2,B,7553
72442,Manila,Arkansas,1496,A,4,B,13183
72443,Marmaduke,Arkansas,1445,C,2,A,6458
72458,Powhatan,Arkansas,844,A,3,D,6500
72536,Franklin,Arkansas,1368,A,4,B,8922
72564,Oil Trough,Arkansas,56,B,3,C,8392
72576,Salem,Arkansas,1100,F,2,F,3879
72577,Sidney,Arkansas,1206,D,1,D,
72624,Compton,Arkansas,1921,C,5,C,6765
72626,Cotter,Arkansas,1974,B,1,D,6000
72663,Onia,Arkansas,1941,D,2,D,4357
72722,Decatur,Arkansas,966,B,3,D,6173
72728,Elm Springs,Arkansas,1677,A,3,D,5606
72733,Gateway,Arkansas,1926,F,1,F,
72740,Huntsville,Arkansas,1849,C,2,F,4526
72752,Pettigrew,Arkansas,428,B,4,C,11361
72769,Summers,Arkansas,1021,D,3,D,3781
72801,Russellville,Arkansas,1469,C,3,F,5313
72802,Russellville,Arkansas,1740,F,5,D,5586
72820,Alix,Arkansas,250,D,1,A,4230
72821,Altus,Arkansas,1337,D,1,A,5425
72827,Bluffton,Arkansas,419,D,4,D,5007
72833,Danville,Arkansas,1515,F,5,D,5296
72839,Hagarville,Arkansas,1711,B,3,C,6254
72839,Hagarville,Arkansas,1153,D,2,F,3086
72842,Havana,Arkansas,782,B,2,B,
72843,Hector,Arkansas,1104,C,1,A,7734
72851,New Blaine,Arkansas,333,A,2,F,5626
72903,Fort Smith,Arkansas,818,B,2,F,5302
72943,Magazine,Arkansas,1100,D,1,B,5593
73007,Arcadia,Oklahoma,1094,A,5,D,6946
73017,Cement,Oklahoma,822,F,5,D,
73020,Choctaw,Oklahoma,63,C,2,C,6673
73024,Corn,Oklahoma,1419,B,3,F,5588
73034,Edmond,Oklahoma,694,F,4,A,
73043,Greenfield,Oklahoma,1034,F,5,A,8530
73055,Marlow,Oklahoma,246,D,2,F,3405
73062,Mountain View,Oklahoma,1989,A,4,B,
73062,Mountain View,Oklahoma,280,F,3,B,6068
73086,Sulphur,Oklahoma,1978,D,4,B,
73109,Oklahoma City,Oklahoma,1248,B,4,F,8029
73111,Oklahoma City,Oklahoma,684,B,1,D,4965
73115,Oklahoma City,Oklahoma,1322,F,2,A,5134
73143,Oklahoma City,Oklahoma,1192,C,4,B,10591
73149,Oklahoma City,Oklahoma,1226,F,4,B,6224
73162,Oklahoma City,Oklahoma,1512,C,1,B,
73196,Oklahoma City,Oklahoma,1230,F,1,D,
73430,Burneyville,Oklahoma,1463,A,1,A,7646
73433,Elmore City,Oklahoma,477,F,1,B,5778
73443,Lone Grove,Oklahoma,1219,B,1,F,
73443,Lone Grove,Oklahoma,143,C,4,C,
73448,Marietta,Oklahoma,1894,F,2,B,5696
73450,Milburn,Oklahoma,1515,F,1,F,3812
73488,Tussy,Oklahoma,1533,F,4,B,8938
73532,Duke,Oklahoma,1044,A,1,A,7801
73532,Duke,Oklahoma,1396,D,5,D,
73551,Hollister,Oklahoma,1295,C,2,D,
73555,Manitou,Oklahoma,826,C,5,B,8330
73558,Meers,Oklahoma,503,A,4,D,8954
73571,Vinson,Oklahoma,440,B,3,D,5814
73573,Waurika,Oklahoma,1561,C,2,A,6724
73639,Custer City,Oklahoma,1046,C,4,F,
73645,Erick,Oklahoma,1292,D,5,D,6398
73673,Willow,Oklahoma,494,A,3,D,6175
73702,Enid,Oklahoma,282,A,2,A,10263
73720,Bison,Oklahoma,1739,F,4,D,5724
73770,Southard,Oklahoma,72,C,3,A,7748
73855,Rosston,Oklahoma,1553,A,5,A,
73855,Rosston,Oklahoma,825,A,2,F,5487
73946,Kenton,Oklahoma,1598,C,3,B,9089
74014,Broken Arrow,Oklahoma,370,A,2,A,8034
74027,Delaware,Oklahoma,1041,F,3,C,
74033,Glenpool,Oklahoma,1331,C,4,A,12831
74047,Mounds,Oklahoma,805,B,5,F,8670
74054,Osage,Oklahoma,722,B,1,A,7480
74056,Pawhuska,Oklahoma,1628,F,3,D,4121
74068,Shamrock,Oklahoma,1861,F,2,B,5053
74110,Tulsa,Oklahoma,244,F,4,A,
74129,Tulsa,Oklahoma,298,A,3,B,9744
74150,Tulsa,Oklahoma,235,D,5,C,
74170,Tulsa,Oklahoma,1384,A,5,B,10743
74182,Tulsa,Oklahoma,880,A,3,B,
74192,Tulsa,Oklahoma,1880,B,3,C,
74330,Adair,Oklahoma,514,B,2,A,9458
74352,Locust Grove,Oklahoma,1873,D,1,F,2855
74365,Salina,Oklahoma,1841,F,1,C,3503
74365,Salina,Oklahoma,1106,F,5,D,5619
74442,Indianola,Oklahoma,1326,C,3,F,6310
74451,Park Hill,Oklahoma,1672,D,4,A,7130
74464,Tahlequah,Oklahoma,47,F,4,B,8901
74472,Whitefield,Oklahoma,616,C,4,A,13167
74529,Blocker,Oklahoma,202,D,2,C,4461
74553,Kiowa,Oklahoma,303,C,3,D,6240
74557,Moyers,Oklahoma,1498,B,1,F,5561
74640,Hunter,Oklahoma,354,D,2,D,3698
74650,Ralston,Oklahoma,1796,C,3,B,8726
74702,Durant,Oklahoma,1157,A,5,B,
74723,Bennington,Oklahoma,648,D,2,D,3508
74728,Broken Bow,Oklahoma,1542,D,1,C,
74760,Spencerville,Oklahoma,549,A,4,C,9015
74825,Allen,Oklahoma,976,F,5,B,7193
74836,Connerville,Oklahoma,648,B,5,D,9640
74845,Hanna,Oklahoma,1097,A,1,F,5789
74851,McLoud,Oklahoma,769,D,4,A,7465
74860,Paden,Oklahoma,1643,B,2,D,5029
74869,Sparks,Oklahoma,797,C,1,B,
74878,Wanette,Oklahoma,161,B,3,B,
74947,Monroe,Oklahoma,1337,C,2,B,7776
74956,Shady Point,Oklahoma,1765,B,3,B,10144
74957,Smithville,Oklahoma,201,A,1,F,6225
75007,Carrollton,Texas,590,A,4,A,9781
75045,Garland,Texas,1903,D,3,D,4030
75081,Richardson,Texas,185,B,2,D,5634
75083,Richardson,Texas,125,B,2,A,8734
75083,Richardson,Texas,1022,B,5,B,10157
75141,Hutchins,Texas,1371,D,1,F,4242
75166,Lavon,Texas,1597,D,2,F,3456
75203,Dallas,Texas,14,F,1,B,6017
75208,Dallas,Texas,1479,B,5,B,
75219,Dallas,Texas,451,A,1,F,4714
75220,Dallas,Texas,697,C,4,A,10870
75221,Dallas,Texas,74,A,3,C,7887
75223,Dallas,Texas,1423,A,4,C,10462
75228,Dallas,Texas,740,B,1,F,4890
75235,Dallas,Texas,162,D,3,D,3544
75238,Dallas,Texas,1282,D,5,C,8108
75260,Dallas,Texas,901,F,3,F,3798
75284,Dallas,Texas,974,C,5,D,
75287,Dallas,Texas,784,C,3,C,5484
75301,Dallas,Texas,1577,B,2,A,7476
75370,Dallas,Texas,1822,B,1,C,6841
75402,Greenville,Texas,1794,F,1,D,3105
75421,Brookston,Texas,94,D,2,B,
75434,Cunningham,Texas,581,C,1,A,
75449,Ladonia,Texas,1632,F,1,C,4407
75473,Powderly,Texas,1134,F,4,D,6385
75608,Longview,Texas,1497,A,5,C,10184
75654,Henderson,Texas,279,F,3,D,3627
75658,Joinerville,Texas,1954,D,3,A,4537
75660,Judson,Texas,1225,F,2,B,4741
75668,Lone Star,Texas,1831,F,5,F,4620
75680,Minden,Texas,1746,F,4,C,7584
75681,Mount Enterprise,Texas,1823,C,4,A,11227
75760,Cushing,Texas,467,D,2,A,4634
75766,Jacksonville,Texas,594,F,5,F,4308
75784,Reklaw,Texas,228,D,5,F,4444
75788,Sacul,Texas,487,D,1,D,
75802,Palestine,Texas,463,B,1,B,7557
75844,Grapeland,Texas,990,F,1,A,4424
75880,Tennessee Colony,Texas,954,A,5,F,8223
75903,Lufkin,Texas,1897,D,4,D,4588
75925,Alto,Texas,113,D,5,F,4927
75937,Chireno,Texas,901,B,4,A,11205
75941,Diboll,Texas,410,A,3,B,12232
75956,Kirbyville,Texas,1290,D,1,C,4463
75963,Nacogdoches,Texas,1737,F,1,C,3725
75965,Nacogdoches,Texas,1632,A,1,F,
76010,Arlington,Texas,933,C,4,F,6104
76094,Arlington,Texas,1426,A,5,C,10769
76105,Fort Worth,Texas,1799,A,5,C,
76108,Fort Worth,Texas,856,F,2,B,4911
76121,Fort Worth,Texas,141,A,1,A,7325
76121,Fort Worth,Texas,1756,F,4,F,4693
76195,Fort Worth,Texas,1686,B,3,A,7922
76206,Denton,Texas,493,D,3,C,3832
76208,Denton,Texas,100,C,2,C,
76209,Denton,Texas,431,D,4,D,
76249,Krum,Texas,163,F,2,C,3444
76309,Wichita Falls,Texas,1673,F,1,B,4930
76354,Burkburnett,Texas,501,B,1,A,8158
76370,Megargel,Texas,608,A,1,B,9284
76379,Scotland,Texas,48,C,5,F,6607
76385,Vernon,Texas,1932,D,5,B,7377
76430,Albany,Texas,530,A,3,C,
76445,Desdemona,Texas,413,A,4,A,12755
76458,Jacksboro,Texas,1520,C,4,D,5811
76490,Whitt,Texas,1991,A,5,B,
76502,Temple,Texas,1878,A,2,A,
76511,Bartlett,Texas,1917,C,2,B,6749
76523,Davilla,Texas,1854,D,5,C,6202
76526,Flat,Texas,1510,D,4,C,
76530,Granger,Texas,710,F,1,B,6020
76559,Nolanville,Texas,671,C,3,F,5733
76665,Meridian,Texas,1241,D,1,D,
76690,Walnut Springs,Texas,1234,D,2,F,3424
76702,Waco,Texas,1087,B,3,D,5262
76708,Waco,Texas,207,B,3,D,
76710,Waco,Texas,289,C,1,A,6961
76715,Waco,Texas,1435,A,1,A,
76798,Waco,Texas,712,C,1,C,5544
76824,Bend,Texas,1168,A,5,C,11110
76841,Fort Mc Kavett,Texas,751,A,1,B,6805
76874,Roosevelt,Texas,1980,D,1,D,3555
76932,Big Lake,Texas,1171,F,5,A,5618
76957,Wall,Texas,401,A,5,D,8243
77011,Houston,Texas,473,C,4,F,7111
77024,Houston,Texas,777,D,3,A,5877
77033,Houston,Texas,877,A,2,B,
77036,Houston,Texas,947,F,3,D,4499
77037,Houston,Texas,1288,B,2,D,6302
77038,Houston,Texas,1173,A,1,F,5192
77038,Houston,Texas,1471,F,2,A,
77062,Houston,Texas,679,D,5,B,6874
77081,Houston,Texas,1569,B,5,F,
77088,Houston,Texas,1601,A,3,D,
77088,Houston,Texas,784,F,3,D,4952
77094,Houston,Texas,757,D,3,D,4607
77099,Houston,Texas,182,F,4,F,4625
77218,Houston,Texas,804,F,3,F,4562
77227,Houston,Texas,90,F,3,B,6626
77230,Houston,Texas,172,B,4,A,9814
77235,Houston,Texas,72,F,5,F,
77249,Houston,Texas,1291,A,4,D,8375
77253,Houston,Texas,1103,C,4,F,
77254,Houston,Texas,621,A,3,B,
77270,Houston,Texas,788,A,2,B,9195
77272,Houston,Texas,1102,B,4,A,
77274,Houston,Texas,1970,B,2,F,4544
77287,Houston,Texas,1878,B,3,A,11257
77289,Houston,Texas,1212,C,5,A,8201
77290,Houston,Texas,260,B,2,F,6429
77293,Houston,Texas,1645,C,5,D,
77332,Dallardsville,Texas,263,D,5,B,6696
77353,Magnolia,Texas,98,F,2,F,3348
77360,Onalaska,Texas,543,B,4,B,13239
77382,Spring,Texas,596,A,1,A,
77387,Spring,Texas,1418,C,5,F,6219
77426,Chappell Hill,Texas,1405,A,2,B,
77431,Danciger,Texas,1439,D,2,D,
77448,Hungerford,Texas,1018,F,3,C,4751
77494,Katy,Texas,691,A,5,D,8820
77518,Bacliff,Texas,1510,C,2,D,4732
77519,Batson,Texas,497,D,2,C,4783
77538,Devers,Texas,1455,C,2,B,7059
77538,Devers,Texas,1011,C,3,F,6216
77539,Dickinson,Texas,800,C,2,B,6317
77573,League City,Texas,193,D,4,C,6952
77580,Mont Belvieu,Texas,911,C,4,D,6902
77582,Raywood,Texas,587,F,2,D,
77587,South Houston,Texas,981,D,2,F,3589
77597,Wallisville,Texas,64,A,5,A,13146
77630,Orange,Texas,1188,A,4,A,12973
77630,Orange,Texas,336,D,3,A,5004
77655,Sabine Pass,Texas,283,C,5,C,8343
77713,Beaumont,Texas,396,F,1,B,4568
77802,Bryan,Texas,1142,B,5,A,
77831,Bedias,Texas,777,A,1,A,6423
77974,Meyersville,Texas,772,A,4,B,14861
77977,Placedo,Texas,1438,D,3,D,
77982,Port o Connor,Texas,612,F,5,D,5287
78014,Cotulla,Texas,1538,C,3,D,5362
78021,Fowlerton,Texas,725,F,4,F,4459
78058,Mountain Home,Texas,1585,A,3,B,
78063,Pipe Creek,Texas,1975,A,3,A,9177
78067,San Ygnacio,Texas,1880,B,5,B,11944
78104,Beeville,Texas,239,B,3,B,8737
78132,New Braunfels,Texas,999,F,3,B,4798
78147,Poth,Texas,21,F,4,B,5287
78162,Tuleta,Texas,1886,D,2,A,4688
78201,San Antonio,Texas,520,A,1,B,10694
78201,San Antonio,Texas,1033,D,1,A,
78202,San Antonio,Texas,1605,D,1,F,3837
78212,San Antonio,Texas,225,D,4,F,
78219,San Antonio,Texas,794,F,3,F,4641
78223,San Antonio,Texas,1909,B,4,A,
78228,San Antonio,Texas,1942,A,3,C,7361
78230,San Antonio,Texas,1702,B,3,D,6874
78244,San Antonio,Texas,1243,A,3,F,6801
78247,San Antonio,Texas,43,C,1,C,5872
78247,San Antonio,Texas,945,D,5,C,6846
78249,San Antonio,Texas,1379,D,3,A,5290
78285,San Antonio,Texas,1188,A,5,B,12514
78288,San Antonio,Texas,867,D,5,F,5074
78338,Armstrong,Texas,114,F,3,D,3712
78363,Kingsville,Texas,967,C,1,B,6779
78379,Riviera,Texas,765,C,5,F,6479
78380,Robstown,Texas,333,B,1,A,6912
78382,Rockport,Texas,1363,F,2,C,4026
78389,Skidmore,Texas,1157,F,5,F,5446
78505,McAllen,Texas,891,F,2,D,3766
78516,Alamo,Texas,985,B,2,A,7683
78535,Combes,Texas,861,B,4,A,10062
78536,Delmita,Texas,1734,A,1,B,
78539,Edinburg,Texas,748,D,1,B,5299
78550,Harlingen,Texas,748,A,3,D,7236
78576,Penitas,Texas,1535,B,2,A,9589
78591,Santa Elena,Texas,414,C,2,C,5205
78593,Santa Rosa,Texas,669,F,5,C,7097
78602,Bastrop,Texas,1440,D,2,F,3958
78605,Bertram,Texas,555,A,4,C,8016
78609,Buchanan Dam,Texas,425,B,5,F,9035
78655,Martindale,Texas,192,A,5,A,
78656,Maxwell,Texas,1473,B,2,B,
78658,Ottine,Texas,1897,C,4,D,8382
78666,San Marcos,Texas,1778,C,3,C,
78669,Spicewood,Texas,1046,C,4,D,8026
78719,Austin,Texas,1192,F,5,B,8661
78722,Austin,Texas,1806,B,5,B,13023
78733,Austin,Texas,825,F,1,F,
78749,Austin,Texas,767,C,2,A,6014
78764,Austin,Texas,1255,B,5,A,13389
78769,Austin,Texas,599,B,4,D,8619
78779,Austin,Texas,767,D,3,F,
78802,Uvalde,Texas,712,D,2,A,
78832,Brackettville,Texas,296,C,1,B,6505
78842,Del Rio,Texas,1090,B,5,A,
78871,Langtry,Texas,681,A,2,F,
78945,La Grange,Texas,1433,A,3,C,
78947,Lexington,Texas,532,B,1,C,6864
78947,Lexington,Texas,1234,C,4,D,6434
78947,Lexington,Texas,1536,D,3,B,6263
78954,Round Top,Texas,1492,C,2,F,5597
79029,Dumas,Texas,552,D,2,A,4790
79036,Fritch,Texas,1421,C,1,F,4044
79073,Plainview,Texas,1594,B,4,F,8975
79084,Stratford,Texas,526,A,2,F,
79084,Stratford,Texas,1369,C,3,D,5566
79094,Wayside,Texas,1830,C,1,F,4724
79096,Wheeler,Texas,734,C,2,B,8245
79105,Amarillo,Texas,130,A,3,D,6840
79105,Amarillo,Texas,220,B,1,A,7787
79189,Amarillo,Texas,548,C,5,A,9108
79243,McAdoo,Texas,1413,B,5,C,9666
79245,Memphis,Texas,1723,D,4,D,5567
79311,Abernathy,Texas,964,F,5,B,6578
79330,Justiceburg,Texas,537,A,2,C,7456
79345,Meadow,Texas,344,B,1,D,5652
79347,Muleshoe,Texas,1548,D,2,A,6122
79366,Ransom Canyon,Texas,760,A,2,F,6093
79380,Whitharral,Texas,1579,D,2,C,3379
79411,Lubbock,Texas,1037,D,2,A,4691
79505,Benjamin,Texas,1194,D,4,C,5192
79517,Fluvanna,Texas,75,C,3,D,5788
79535,Maryneal,Texas,870,D,4,A,7566
79545,Roscoe,Texas,1626,B,2,D,5874
79566,Wingate,Texas,1376,C,3,F,4633
79706,Midland,Texas,1032,B,1,C,6322
79713,Ackerly,Texas,1626,F,1,A,
79730,Coyanosa,Texas,1693,C,3,C,5956
79745,Kermit,Texas,1225,F,2,B,5198
79749,Lenorah,Texas,1464,D,4,B,
79762,Odessa,Texas,1274,C,3,A,7555
79770,Orla,Texas,1490,F,5,A,7361
